{"cameraMode":{"drawMode":0,"name":"Shaded","section":"Shading Mode"},"sceneLighting":false,"audioPlay":false,"sceneViewState":{"showFog":true,"showMaterialUpdate":false,"showSkybox":true,"showFlares":true,"showImageEffects":true,"showParticleSystems":true},"in2DMode":false,"pivot":{"x":-0.8270000219345093,"y":-0.6510000228881836,"z":0.008999999612569809},"rotation":{"x":-0.1867590993642807,"y":0.4859122931957245,"z":-0.10711856186389923,"w":-0.8470749258995056},"size":0.14289410412311555,"orthographic":false}