{"cameraMode":{"drawMode":0,"name":"Shaded","section":"Shading Mode"},"sceneLighting":false,"audioPlay":false,"sceneViewState":{"showFog":true,"showMaterialUpdate":true,"showSkybox":true,"showFlares":true,"showImageEffects":true,"showParticleSystems":true},"in2DMode":false,"pivot":{"x":-0.6764945983886719,"y":-0.6017012596130371,"z":-3.125999927520752},"rotation":{"x":0.3311222195625305,"y":-0.6488609313964844,"z":0.3745275139808655,"w":0.5736435055732727},"size":2.8578836917877199,"orthographic":false}