{"cameraMode":{"drawMode":0,"name":"Shaded","section":"Shading Mode"},"sceneLighting":false,"audioPlay":false,"sceneViewState":{"showFog":true,"showMaterialUpdate":false,"showSkybox":true,"showFlares":true,"showImageEffects":true,"showParticleSystems":true},"in2DMode":false,"pivot":{"x":-1.5119999647140504,"y":0.5501950979232788,"z":0.7400000095367432},"rotation":{"x":0.2516093850135803,"y":-0.7347248196601868,"z":0.3553555905818939,"w":0.5201871395111084},"size":0.5680961608886719,"orthographic":false}