{"cameraMode":{"drawMode":0,"name":"Shaded","section":"Shading Mode"},"sceneLighting":true,"audioPlay":false,"sceneViewState":{"showFog":true,"showMaterialUpdate":true,"showSkybox":true,"showFlares":true,"showImageEffects":true,"showParticleSystems":true},"in2DMode":false,"pivot":{"x":-1.2000901699066163,"y":-0.22964972257614137,"z":0.04575951024889946},"rotation":{"x":0.26900920271873476,"y":-0.6665573120117188,"z":0.2822018265724182,"w":0.6353720426559448},"size":4.109260559082031,"orthographic":false}