{"cameraMode":{"drawMode":0,"name":"Shaded","section":"Shading Mode"},"sceneLighting":false,"audioPlay":false,"sceneViewState":{"showFog":true,"showMaterialUpdate":false,"showSkybox":true,"showFlares":true,"showImageEffects":true,"showParticleSystems":true},"in2DMode":false,"pivot":{"x":-1.5119999647140504,"y":0.5501950979232788,"z":-0.7080000042915344},"rotation":{"x":0.3140853941440582,"y":-0.6397475600242615,"z":0.32254764437675478,"w":0.6229256987571716},"size":1.9169466495513917,"orthographic":false}